shrubID,length,width,height,volume
a1,2.2,1.3,9.6,27.456000000000003
a2,2.1,2.2,7.6,35.11200000000001
b1,2.7,1.5,2.2,8.910000000000002
b2,3,4.5,1.5,20.25
c1,3.1,3.1,4,38.440000000000005
c2,2.5,2.8,3,21
d1,1.9,1.8,4.5,15.39
d2,1.1,0.5,2.3,1.265
e1,3.5,2,7.5,52.5
e2,2.9,2.7,3.2,25.056
